Obs,Year,State,Sample,Tillage,AverageT,JulPr,Sclero,tsclero,dis
2,95,17,2,2,23.98,9.68,0,0,0.0150
3,95,17,3,2,24.14,9.90,0,0,0.0142
4,95,17,4,1,25.17,9.10,0,0,0.0039
5,95,17,5,1,24.11,15.00,0,0,0.0074
6,95,17,6,1,25.11,11.58,33.3333,1,0.0043
7,95,17,7,2,25.28,7.65,0,0,0.0084
8,95,17,8,2,25.56,17.50,0,0,0.0104
9,95,17,9,2,24.98,10.18,0,0,0.0103
10,95,17,10,1,25.11,11.58,0,0,0.0043
11,95,17,11,2,25.56,17.50,0,0,0.0104
12,95,17,11,2,25.50,8.15,0,0,0.0078
15,95,17,15,2,23.50,13.65,0,0,0.0206
16,95,17,17,2,24.14,9.90,0,0,0.0142
17,95,17,18,1,24.17,11.55,0,0,0.0065
19,95,17,21,1,24.14,9.90,0,0,0.0062
20,95,17,21,1,24.17,11.55,0,0,0.0065
22,95,17,23,1,24.73,6.88,0,0,0.0044
23,95,17,24,1,24.59,11.55,0,0,0.0054
25,95,17,27,3,23.50,13.65,0,0,0.0092
26,95,17,28,3,25.47,7.98,0,0,0.0033
27,95,17,29,1,26.00,5.88,0,0,0.0024
28,95,17,30,1,25.53,3.70,0,0,0.0028
29,95,17,31,3,25.45,9.60,0,0,0.0035
31,95,17,33,1,24.14,9.90,0,0,0.0062
32,95,17,35,3,25.47,7.98,0,0,0.0033
33,95,17,36,3,24.75,4.00,0,0,0.0039
34,95,17,38,2,25.47,5.90,0,0,0.0073
35,95,17,39,1,25.47,5.90,0,0,0.0031
36,95,17,40,1,25.47,5.90,0,0,0.0031
37,95,17,41,2,25.42,7.08,0,0,0.0078
38,95,17,43,2,25.47,7.98,0,0,0.0079
39,95,17,44,2,25.17,9.10,0,0,0.0092
40,95,17,45,2,25.47,5.90,0,0,0.0073
41,95,17,46,2,25.17,9.10,0,0,0.0092
42,95,17,47,2,25.50,5.45,0,0,0.0072
43,95,17,48,2,26.22,6.75,0,0,0.0056
45,95,17,50,2,24.81,6.45,0,0,0.0097
46,95,17,51,1,26.22,6.75,0,0,0.0023
48,95,17,53,2,24.81,6.45,0,0,0.0097
49,95,17,54,1,26.22,6.75,0,0,0.0023
50,95,17,55,2,25.45,4.83,0,0,0.0072
52,95,17,60,2,25.45,4.83,0,0,0.0072
53,95,17,61,3,25.53,3.70,0,0,0.0028
54,95,17,63,2,25.45,4.83,0,0,0.0072
55,95,17,65,2,25.42,7.08,0,0,0.0078
56,95,17,66,3,25.53,3.70,0,0,0.0028
57,95,17,67,2,25.14,3.48,0,0,0.0077
58,95,17,68,2,26.22,6.75,0,0,0.0056
59,95,17,70,3,25.53,3.70,0,0,0.0028
60,95,17,71,2,25.53,3.70,0,0,0.0067
61,95,17,72,3,25.53,3.70,0,0,0.0028
62,95,17,74,3,25.53,3.70,0,0,0.0028
63,95,17,75,2,25.53,3.70,0,0,0.0067
64,95,17,76,3,25.53,3.70,0,0,0.0028
65,95,17,78,3,25.45,4.73,0,0,0.0030
66,95,17,79,2,25.17,3.78,0,0,0.0077
68,95,17,81,1,24.75,4.00,0,0,0.0039
69,95,17,82,2,25.28,10.53,0,0,0.0092
70,95,17,83,1,25.20,11.25,0,0,0.0041
71,95,17,84,1,25.28,10.53,0,0,0.0039
72,95,17,85,1,25.28,10.53,0,0,0.0039
73,95,17,87,1,25.70,7.93,0,0,0.0030
74,95,17,88,1,26.31,8.58,0,0,0.0023
75,95,17,89,3,25.28,8.48,0,0,0.0036
76,95,17,90,2,25.09,2.98,0,0,0.0078
77,95,17,91,3,25.45,4.73,0,0,0.0030
78,95,17,92,1,25.09,2.98,0,0,0.0033
79,95,17,93,2,25.14,3.48,0,0,0.0077
80,95,17,94,3,25.14,3.48,0,0,0.0033
81,95,17,95,2,26.09,3.00,0,0,0.0052
82,95,17,96,3,25.28,8.48,0,0,0.0036
83,95,17,97,3,25.09,2.98,0,0,0.0033
84,95,17,98,3,25.14,3.48,0,0,0.0033
85,95,17,99,3,25.28,8.48,0,0,0.0036
86,95,17,100,1,26.50,6.65,0,0,0.0020
87,95,17,101,3,26.50,6.65,0,0,0.0020
88,95,17,102,3,26.22,6.75,0,0,0.0023
89,95,17,103,2,25.14,3.48,0,0,0.0077
90,95,17,104,3,26.09,3.00,0,0,0.0021
91,95,17,105,2,25.45,4.98,0,0,0.0072
92,95,17,106,2,25.45,4.98,0,0,0.0072
93,95,17,107,3,25.45,4.98,0,0,0.0030
94,95,17,109,2,25.45,4.98,0,0,0.0072
97,95,17,112,3,25.50,8.15,0,0,0.0033
98,95,17,114,2,25.86,6.70,0,0,0.0065
99,95,17,115,1,26.09,7.73,0,0,0.0025
100,95,17,116,1,25.95,4.10,0,0,0.0024
101,95,17,117,2,26.09,7.73,0,0,0.0061
102,95,17,118,2,25.31,8.98,0,0,0.0087
103,95,17,119,2,26.22,6.75,0,0,0.0056
104,95,17,120,3,25.64,10.23,0,0,0.0033
105,95,17,121,3,25.64,6.60,0,0,0.0029
106,95,17,122,2,25.86,6.70,0,0,0.0065
107,95,17,123,2,25.95,4.10,0,0,0.0057
108,95,17,124,2,24.81,6.45,0,0,0.0097
109,95,17,125,2,25.31,8.98,0,0,0.0087
110,95,17,127,2,25.64,6.60,0,0,0.0070
111,95,17,128,3,25.50,5.45,0,0,0.0030
112,95,17,129,1,25.47,5.53,0,0,0.0030
113,95,17,130,2,25.31,8.98,0,0,0.0087
114,95,17,131,2,25.64,6.60,0,0,0.0070
115,95,17,132,1,26.39,6.35,0,0,0.0021
116,95,17,133,2,25.31,8.98,0,0,0.0087
117,95,17,134,1,25.92,8.98,0,0,0.0028
118,95,17,135,3,25.97,18.50,0,0,0.0037
119,95,17,136,1,25.92,8.98,0,0,0.0028
120,95,17,138,3,25.45,7.48,0,0,0.0033
121,95,17,139,3,26.09,7.73,0,0,0.0025
122,95,17,140,2,25.50,8.15,0,0,0.0078
123,95,17,141,2,26.39,6.35,0,0,0.0052
124,95,17,142,2,26.09,4.98,0,0,0.0056
125,95,17,142,2,26.06,9.18,0,0,0.0065
126,95,17,144,2,25.86,6.70,0,0,0.0065
127,95,17,146,3,25.75,9.75,0,0,0.0031
128,95,17,147,3,26.64,6.68,0,0,0.0019
129,95,17,148,2,26.17,6.50,0,0,0.0057
130,95,17,149,1,26.64,6.68,0,0,0.0019
132,95,17,151,3,26.64,6.68,0,0,0.0019
133,95,17,152,1,26.45,1.13,0,0,0.0017
134,95,17,154,1,25.59,5.73,0,0,0.0029
135,95,17,155,3,25.75,9.75,0,0,0.0031
136,95,17,156,1,26.33,3.48,0,0,0.0019
137,95,17,157,3,26.17,6.50,0,0,0.0023
138,95,17,158,3,26.11,6.73,0,0,0.0024
139,95,17,160,3,26.36,5.95,0,0,0.0021
140,95,17,161,1,25.45,7.48,0,0,0.0033
141,95,17,162,3,26.50,5.48,0,0,0.0019
142,95,17,163,3,27.20,3.88,0,0,0.0014
143,95,17,164,1,26.36,5.95,0,0,0.0021
144,95,17,165,1,26.09,6.85,0,0,0.0024
145,95,17,166,1,25.11,11.58,0,0,0.0043
146,95,17,167,2,25.11,11.58,0,0,0.0102
147,95,17,168,2,24.45,11.68,0,0,0.0133
148,95,17,170,2,23.92,9.13,0,0,0.0151
149,95,17,171,1,25.31,8.45,0,0,0.0036
150,95,17,172,2,25.47,7.98,0,0,0.0079
151,95,17,173,2,25.47,7.98,0,0,0.0079
152,95,17,174,2,25.81,8.63,0,0,0.0070
153,95,17,175,2,25.81,8.63,0,0,0.0070
154,95,17,176,2,25.25,7.80,0,0,0.0085
155,95,17,177,3,24.75,4.00,0,0,0.0039
156,95,17,178,1,24.81,6.45,0,0,0.0042
157,95,17,179,2,24.81,6.45,0,0,0.0097
158,95,17,180,1,25.20,5.80,0,0,0.0034
159,95,17,181,2,25.20,5.80,0,0,0.0082
161,95,17,183,1,26.39,6.35,0,0,0.0021
162,95,17,184,3,25.45,7.48,0,0,0.0033
164,95,17,186,3,25.78,4.40,0,0,0.0026
165,95,17,188,2,25.78,5.90,0,0,0.0065
166,95,17,189,1,26.64,6.68,0,0,0.0019
167,95,17,192,1,25.34,7.90,0,0,0.0035
168,95,17,193,3,26.64,6.68,0,0,0.0019
169,95,17,194,1,26.33,5.80,0,0,0.0021
170,95,17,195,2,25.25,4.28,0,0,0.0076
171,95,17,196,3,25.75,9.75,0,0,0.0031
172,95,17,197,1,26.17,6.50,0,0,0.0023
174,95,17,199,3,26.33,3.48,0,0,0.0019
175,95,17,201,3,26.45,1.13,0,0,0.0017
176,95,17,203,1,25.64,7.68,0,0,0.0030
177,95,17,204,1,26.09,6.85,0,0,0.0024
178,95,17,205,3,26.11,6.73,0,0,0.0024
180,95,17,208,2,25.47,5.90,0,0,0.0073
181,95,17,209,3,25.17,9.10,0,0,0.0039
182,95,17,210,1,25.50,5.45,0,0,0.0030
183,95,17,212,2,25.17,9.10,0,0,0.0092
184,95,17,213,1,25.17,9.10,0,0,0.0039
185,95,17,214,2,25.81,8.63,0,0,0.0070
187,95,17,217,3,25.47,5.53,0,0,0.0030
188,95,17,219,1,26.39,6.35,0,0,0.0021
189,95,17,220,2,26.09,7.73,0,0,0.0061
190,95,17,221,3,25.20,5.80,0,0,0.0034
191,95,17,222,3,25.78,5.90,0,0,0.0027
192,95,17,223,2,26.64,6.68,0,0,0.0047
193,95,17,224,3,26.09,7.73,0,0,0.0025
194,95,17,225,2,26.09,7.73,0,0,0.0061
195,95,17,226,1,25.25,4.28,0,0,0.0032
196,95,17,227,1,26.45,1.13,0,0,0.0017
198,95,17,230,3,25.78,4.40,0,0,0.0026
199,95,17,231,3,25.64,7.68,0,0,0.0030
200,95,17,232,1,25.64,7.68,0,0,0.0030
201,95,17,233,3,25.64,7.68,0,0,0.0030
202,95,17,234,1,26.89,7.93,0,0,0.0018
203,95,17,235,2,25.42,7.08,0,0,0.0078
204,95,17,236,1,25.47,5.90,0,0,0.0031
205,95,17,237,3,25.20,5.80,0,0,0.0034
206,95,17,238,1,25.17,9.10,0,0,0.0039
207,95,17,239,3,23.39,7.55,0,0,0.0079
208,95,17,240,3,25.75,9.75,0,0,0.0031
210,95,19,2,2,22.65,8.63,0,0,0.0731
211,95,19,3,1,25.31,8.73,0,0,0.0113
212,95,19,4,3,24.08,13.03,0,0,0.0220
213,95,19,5,3,23.60,6.25,0,0,0.0216
214,95,19,6,3,24.47,12.05,0,0,0.0180
215,95,19,7,3,26.21,6.73,0,0,0.0072
217,95,19,9,3,26.21,3.83,0,0,0.0065
218,95,19,10,3,25.23,8.95,0,0,0.0118
219,95,19,11,1,24.47,15.68,0,0,0.0203
220,95,19,12,3,26.10,4.18,0,0,0.0069
221,95,19,13,1,25.00,12.33,0,0,0.0145
222,95,19,13,1,22.90,12.33,0,0,0.0353
223,95,19,14,1,25.00,11.55,0,0,0.0141
224,95,19,14,1,25.00,11.28,0,0,0.0140
227,95,19,17,1,24.39,14.95,0,0,0.0205
228,95,19,18,3,21.90,9.43,0,0,0.0489
229,95,19,19,2,25.68,11.55,0,0,0.0253
230,95,19,20,2,25.23,8.95,0,0,0.0277
231,95,19,22,3,25.90,13.75,0,0,0.0103
232,95,19,23,3,25.28,6.35,0,0,0.0106
234,95,19,26,1,24.98,9.90,0,0,0.0135
235,95,19,27,1,24.98,9.90,0,0,0.0135
236,95,19,28,2,23.97,15.50,0,0,0.0553
237,95,19,29,1,23.97,12.33,0,0,0.0225
239,95,19,32,2,24.28,8.03,0,0,0.0388
240,95,19,33,2,25.76,11.53,0,0,0.0245
242,95,19,35,1,24.28,8.03,0,0,0.0172
243,95,19,36,3,26.04,8.45,0,0,0.0082
244,95,19,37,1,25.31,8.58,0,0,0.0112
245,95,19,38,1,24.36,8.58,0,0,0.0169
246,95,19,39,1,25.31,12.55,0,0,0.0128
247,95,19,40,3,26.04,8.45,0,0,0.0082
248,95,19,41,1,25.31,12.55,0,0,0.0128
249,95,19,42,2,24.28,8.03,0,0,0.0388
250,95,19,43,1,26.04,8.45,0,0,0.0082
251,95,19,44,1,24.36,8.58,0,0,0.0169
252,95,19,45,2,24.98,5.88,0,0,0.0277
253,95,19,46,3,24.36,8.58,0,0,0.0169
254,95,19,47,1,26.04,8.18,0,0,0.0081
255,95,19,48,2,24.92,8.58,0,0,0.0308
256,95,19,48,2,24.36,8.58,0,0,0.0383
257,95,19,49,3,24.44,7.35,0,0,0.0156
258,95,19,50,3,25.68,6.90,0,0,0.0091
259,95,19,51,3,23.80,6.25,0,0,0.0198
260,95,19,52,2,24.50,6.50,0,0,0.0339
261,95,19,53,1,24.36,8.58,0,0,0.0169
262,95,19,54,3,23.80,6.25,0,0,0.0198
263,95,19,55,3,25.68,6.90,15,1,0.0091
264,95,19,56,3,24.16,14.43,0,0,0.0222
265,95,19,57,1,26.04,6.78,0,0,0.0077
266,95,19,57,1,26.04,6.50,0,0,0.0077
267,95,19,58,1,24.30,11.60,0,0,0.0191
268,95,19,59,3,24.92,10.05,0,0,0.0139
269,95,19,59,3,24.30,10.05,0,0,0.0181
270,95,19,60,1,24.81,5.30,0,0,0.0125
271,95,19,60,1,24.81,9.38,0,0,0.0143
273,95,19,62,2,24.81,9.28,0,0,0.0329
274,95,19,63,2,24.44,3.45,0,0,0.0314
275,95,19,64,2,24.81,5.30,0,0,0.0290
276,95,19,65,2,24.81,9.38,0,0,0.0330
277,95,19,66,2,24.30,10.05,0,0,0.0410
278,95,19,67,2,24.30,10.05,0,0,0.0410
279,95,19,68,3,24.30,9.13,0,0,0.0176
281,95,19,70,1,24.81,9.28,0,0,0.0142
282,95,19,71,3,24.44,6.65,0,0,0.0153
283,95,19,72,1,24.84,9.98,0,0,0.0144
284,95,19,73,3,25.70,6.65,0,0,0.0089
286,95,19,75,1,24.84,9.98,0,0,0.0144
287,95,19,76,3,24.84,9.98,0,0,0.0144
288,95,19,77,3,24.78,2.38,0,0,0.0115
289,95,19,78,2,25.17,4.73,0,0,0.0247
290,95,19,79,1,24.78,2.38,0,0,0.0115
291,95,19,80,2,24.78,4.53,0,0,0.0286
292,95,19,81,2,25.17,4.73,0,0,0.0247
293,95,19,83,1,24.84,9.98,0,0,0.0144
294,95,19,84,2,24.78,13.58,0,0,0.0382
295,95,19,85,2,25.17,4.73,0,0,0.0247
296,95,19,86,2,25.17,9.98,0,0,0.0293
297,95,19,87,3,24.78,2.38,0,0,0.0115
298,95,19,88,3,24.84,9.98,0,0,0.0144
299,95,19,89,2,24.78,2.38,0,0,0.0267
300,95,19,90,3,25.17,4.73,0,0,0.0105
301,95,19,91,3,25.17,4.73,0,0,0.0105
303,95,19,93,1,23.94,6.45,0,0,0.0188
304,95,19,95,2,23.88,4.98,0,0,0.0410
305,95,19,100,3,22.48,3.10,0,0,0.0313
306,95,19,101,3,22.48,3.10,0,0,0.0313
307,95,19,102,3,22.48,3.10,0,0,0.0313
308,95,19,103,2,23.94,6.45,0,0,0.0420
309,95,19,104,3,23.94,6.45,0,0,0.0188
310,95,19,105,3,23.24,7.85,0,0,0.0265
311,95,19,109,3,23.27,7.20,0,0,0.0256
312,95,19,111,1,23.24,6.45,0,0,0.0253
313,95,19,112,2,22.65,7.50,0,0,0.0706
314,95,19,113,2,23.63,4.65,0,0,0.0446
315,95,19,114,1,23.35,12.78,0,0,0.0296
316,95,19,115,3,23.63,2.78,0,0,0.0190
317,95,19,116,2,24.00,4.58,0,0,0.0387
318,95,19,117,2,23.35,12.78,0,0,0.0640
320,95,19,119,3,23.94,4.58,0,0,0.0177
321,95,19,119,3,23.63,4.58,0,0,0.0202
322,95,19,120,3,23.30,5.43,0,0,0.0239
323,95,19,121,2,22.65,7.50,0,0,0.0706
324,95,19,122,3,24.00,4.58,0,0,0.0173
326,95,19,124,2,23.63,2.78,0,0,0.0421
327,95,19,125,2,23.63,2.78,0,0,0.0421
329,95,19,127,2,23.94,6.45,0,0,0.0420
330,95,19,128,2,23.94,6.45,0,0,0.0420
331,95,19,129,3,21.90,6.30,0,0,0.0443
333,95,19,131,3,23.77,15.00,0,0,0.0267
334,95,19,132,2,23.63,4.65,0,0,0.0446
335,95,19,133,3,23.60,10.65,0,0,0.0249
337,95,19,135,2,23.77,15.00,0,0,0.0586
339,95,19,137,2,23.63,4.65,0,0,0.0446
341,95,19,139,3,22.76,5.95,0,0,0.0305
342,95,19,140,3,22.79,11.15,0,0,0.0356
343,95,19,141,3,22.79,11.15,0,0,0.0356
344,95,19,142,3,23.63,5.08,0,0,0.0205
345,95,19,143,4,23.63,4.65,0,0,0.0202
346,95,19,144,2,23.77,15.00,0,0,0.0586
347,95,19,145,2,24.00,6.90,0,0,0.0417
348,95,19,146,2,23.30,6.90,0,0,0.0544
349,95,19,147,1,23.24,4.90,0,0,0.0241
351,95,19,149,2,22.65,7.50,0,0,0.0706
352,95,19,150,3,23.24,6.80,0,0,0.0256
353,95,19,150,3,22.93,6.80,0,0,0.0292
354,95,19,151,2,23.24,4.90,0,0,0.0522
355,95,19,152,3,22.93,6.80,0,0,0.0292
356,95,19,153,2,23.72,9.13,0,0,0.0498
357,95,19,154,2,23.04,6.93,0,0,0.0599
358,95,19,155,2,23.52,9.68,0,0,0.0546
359,95,19,156,2,23.04,5.65,0,0,0.0576
360,95,19,157,3,23.04,5.65,5,1,0.0268
361,95,19,158,1,23.24,4.90,5,1,0.0241
362,95,19,159,2,23.04,5.65,0,0,0.0576
364,95,19,161,3,24.00,5.43,0,0,0.0178
365,95,19,162,2,23.24,4.90,0,0,0.0522
366,95,19,163,3,23.04,5.65,0,0,0.0268
367,95,19,164,2,23.35,8.48,0,0,0.0560
368,95,19,165,2,23.52,9.13,0,0,0.0536
370,95,19,167,3,23.83,6.20,0,0,0.0196
371,95,19,168,2,23.24,5.38,0,0,0.0530
372,95,19,169,3,23.35,7.88,0,0,0.0253
373,95,19,170,1,23.35,8.48,0,0,0.0258
374,95,19,171,2,23.27,7.55,0,0,0.0562
375,95,19,172,1,24.28,6.35,0,0,0.0163
376,95,19,173,2,23.72,5.18,0,0,0.0440
377,95,19,174,2,23.35,5.18,0,0,0.0505
378,95,19,175,2,23.35,5.18,0,0,0.0505
379,95,19,176,2,23.72,4.68,0,0,0.0433
381,95,19,178,2,24.56,4.58,0,0,0.0312
382,95,19,179,1,23.55,7.78,0,0,0.0232
383,95,19,180,3,23.83,6.20,0,0,0.0196
385,95,19,182,2,23.35,8.48,0,0,0.0560
386,95,19,183,3,23.55,10.90,0,0,0.0257
388,95,19,185,3,23.72,5.38,0,0,0.0200
389,95,19,187,3,23.86,4.60,0,0,0.0184
392,95,19,189,3,23.72,5.38,0,0,0.0200
393,95,19,189,3,24.00,5.38,0,0,0.0177
394,95,19,191,4,23.72,5.38,12.5,1,0.0200
395,95,19,193,3,23.72,5.38,0,0,0.0200
396,95,19,194,3,23.52,9.13,0,0,0.0245
397,95,19,195,3,23.72,5.38,0,0,0.0200
398,95,19,196,3,23.72,5.38,0,0,0.0200
400,95,19,200,1,24.00,13.98,0,0,0.0235
401,95,19,201,3,24.44,3.45,0,0,0.0138
402,95,19,202,2,24.00,13.98,0,0,0.0522
403,95,19,204,3,24.00,13.98,0,0,0.0235
405,95,19,207,2,24.30,10.05,0,0,0.0410
406,95,19,208,3,24.92,3.78,0,0,0.0113
407,95,19,209,3,23.74,9.83,0,0,0.0228
408,95,19,209,3,24.64,9.83,0,0,0.0156
409,95,19,210,3,24.25,7.48,0,0,0.0171
410,95,19,211,3,24.25,7.48,0,0,0.0171
411,95,19,213,3,24.25,7.48,0,0,0.0171
412,95,19,214,3,23.72,5.38,0,0,0.0200
413,95,19,215,3,23.74,12.48,0,0,0.0249
414,95,19,216,1,24.30,10.05,0,0,0.0181
415,95,19,217,3,23.74,12.48,0,0,0.0249
416,95,19,218,3,23.72,11.05,0,0,0.0240
417,95,19,219,1,24.30,10.05,0,0,0.0181
418,95,19,220,3,24.44,3.45,0,0,0.0138
419,95,19,222,1,24.28,7.80,0,0,0.0170
423,95,19,226,1,24.72,11.28,0,0,0.0158
425,95,19,228,2,24.39,8.90,0,0,0.0383
427,95,19,230,3,26.12,14.30,0,0,0.0096
428,95,19,231,2,25.82,10.50,0,0,0.0232
429,95,19,232,3,25.56,5.88,0,0,0.0092
430,95,19,233,1,25.56,7.13,0,0,0.0096
431,95,19,234,1,25.31,12.55,0,0,0.0128
432,95,19,235,1,24.92,14.43,0,0,0.0161
433,95,19,235,1,25.34,14.43,0,0,0.0134
437,95,19,239,2,25.90,8.55,0,0,0.0211
440,95,27,2,3,20.36,18.90,0,0,0.1928
441,95,27,3,3,21.76,12.98,0,0,0.0965
442,95,27,5,3,21.36,16.85,0,0,0.1259
443,95,27,7,3,20.64,15.40,0,0,0.1585
444,95,27,8,3,20.64,16.85,0,0,0.1650
445,95,27,8,3,21.59,16.85,0,0,0.1156
446,95,27,9,3,20.64,14.30,0,0,0.1536
447,95,27,10,3,21.84,8.33,0,0,0.0811
448,95,27,11,3,23.35,8.68,0,0,0.0443
449,95,27,12,3,22.65,10.43,5.26316,1,0.0624
451,95,27,16,3,21.59,16.85,0,0,0.1156
452,95,27,17,3,22.99,16.85,0,0,0.0665
453,95,27,18,3,23.07,12.80,0,0,0.0566
454,95,27,20,3,23.07,12.80,0,0,0.0566
455,95,27,22,3,23.07,12.80,0,0,0.0566
456,95,27,24,1,23.07,12.80,0,0,0.0566
457,95,27,25,2,23.38,12.33,0,0,0.1039
458,95,27,27,1,22.12,16.05,0,0,0.0918
459,95,27,28,2,22.48,12.33,0,0,0.1422
460,95,27,29,3,23.38,12.33,0,0,0.0492
461,95,27,30,3,22.40,16.05,0,0,0.0821
462,95,27,33,2,23.38,18.70,0,0,0.1253
463,95,27,35,3,23.38,12.33,0,0,0.0492
464,95,27,36,3,23.38,12.33,0,0,0.0492
465,95,27,37,3,22.48,13.38,0,0,0.0732
466,95,27,39,3,22.01,11.50,0,0,0.0836
467,95,27,41,2,22.01,11.50,5.26316,1,0.1633
468,95,27,42,3,22.48,13.38,0,0,0.0732
469,95,27,43,1,22.43,15.20,0,0,0.0792
470,95,27,44,3,22.48,13.38,0,0,0.0732
471,95,27,46,3,22.48,13.38,0,0,0.0732
472,95,27,47,3,22.01,11.50,0,0,0.0836
473,95,27,48,4,22.43,15.20,0,0,0.0792
474,95,27,50,3,22.12,17.33,0,0,0.0954
475,95,27,51,3,22.12,21.00,0,0,0.1064
476,95,27,52,3,22.12,12.33,0,0,0.0820
477,95,27,53,3,22.12,12.33,0,0,0.0820
478,95,27,54,3,22.12,19.00,0,0,0.1003
479,95,27,54,3,22.20,19.00,0,0,0.0970
480,95,27,55,3,22.48,15.53,0,0,0.0782
481,95,27,55,3,22.12,15.53,0,0,0.0903
482,95,27,56,3,22.12,21.00,0,0,0.1064
483,95,27,58,2,23.32,13.95,0,0,0.1112
484,95,27,59,3,22.76,8.30,0,0,0.0558
485,95,27,60,2,23.32,13.95,0,0,0.1112
487,95,27,63,2,22.18,13.55,0,0,0.1634
488,95,27,66,3,22.65,11.18,0,0,0.0639
489,95,27,67,3,22.74,13.15,0,0,0.0656
490,95,27,68,2,23.88,10.68,0,0,0.0824
491,95,27,69,2,22.93,13.08,0,0,0.1245
492,95,27,70,2,21.87,14.45,0,0,0.1854
493,95,27,71,3,21.87,14.45,0,0,0.0966
495,95,27,75,3,23.88,10.68,0,0,0.0378
496,95,27,77,3,23.69,10.85,0,0,0.0413
497,95,27,78,2,22.93,12.15,0,0,0.1212
498,95,27,78,2,22.93,13.38,0,0,0.1256
499,95,27,79,2,22.93,12.15,0,0,0.1212
500,95,27,80,2,22.93,12.15,0,0,0.1212
501,95,27,81,3,23.69,10.85,0,0,0.0413
502,95,27,82,3,23.69,10.85,0,0,0.0413
503,95,27,83,4,23.10,16.85,0,0,0.0635
504,95,27,84,2,23.27,16.85,0,0,0.1235
505,95,27,85,1,23.69,10.85,0,0,0.0413
506,95,27,86,3,23.69,10.85,5,1,0.0413
507,95,27,87,2,21.92,12.55,0,0,0.1728
511,95,27,91,2,22.20,12.55,0,0,0.1574
513,95,27,93,2,22.12,15.53,0,0,0.1758
514,95,27,94,2,22.93,13.08,0,0,0.1245
516,95,27,96,2,23.02,8.30,5,1,0.1050
517,95,27,96,2,23.02,16.45,5,1,0.1333
519,95,27,98,3,21.36,13.70,0,0,0.1149
520,95,27,99,3,20.64,15.40,10,1,0.1585
521,95,27,100,3,21.36,13.70,0,0,0.1149
522,95,27,102,2,24.00,7.45,5.2632,1,0.0716
524,95,27,104,3,21.95,5.70,0,0,0.0716
525,95,27,105,3,21.95,12.95,0,0,0.0893
526,95,27,105,3,21.31,12.95,0,0,0.1148
528,95,27,107,3,21.90,16.28,0,0,0.1009
529,95,27,108,2,22.40,8.58,5,1,0.1315
530,95,27,109,2,22.40,8.58,0,0,0.1315
531,95,27,110,3,22.43,15.20,0,0,0.0792
532,95,27,111,3,22.74,10.75,0,0,0.0609
533,95,27,112,2,22.68,12.88,0,0,0.1351
534,95,27,113,3,22.20,19.00,0,0,0.0970
535,95,27,114,3,23.27,8.10,0,0,0.0450
537,95,27,116,3,23.10,15.25,0,0,0.0604
538,95,27,117,2,23.35,22.18,0,0,0.1399
539,95,27,118,2,22.68,13.08,0,0,0.1359
540,95,27,119,3,22.68,15.10,0,0,0.0713
541,95,27,120,3,23.27,16.45,0,0,0.0586
542,95,39,2,3,24.31,8.60,0,0,0.0055
543,95,39,3,1,24.31,8.60,0,0,0.0055
544,95,39,4,3,23.67,7.23,0,0,0.0070
545,95,39,5,2,24.20,3.63,0,0,0.0113
546,95,39,6,3,24.39,9.75,0,0,0.0055
547,95,39,7,3,24.39,9.75,0,0,0.0055
548,95,39,8,3,24.31,8.60,0,0,0.0055
549,95,39,10,1,23.56,6.28,0,0,0.0071
550,95,39,11,1,23.56,6.28,0,0,0.0071
551,95,39,12,3,24.31,8.60,0,0,0.0055
552,95,39,13,3,24.39,9.53,0,0,0.0055
553,95,39,15,1,24.20,3.63,0,0,0.0049
554,95,39,17,3,24.64,5.48,0,0,0.0043
555,95,39,18,1,24.64,5.48,0,0,0.0043
556,95,39,20,1,23.81,3.58,0,0,0.0058
557,95,39,21,2,23.50,4.33,0,0,0.0152
558,95,39,24,3,23.67,7.23,0,0,0.0070
559,95,39,25,3,24.84,3.65,0,0,0.0037
560,95,39,26,3,23.78,6.60,0,0,0.0065
561,95,39,27,3,23.78,6.60,0,0,0.0065
562,95,39,29,1,23.78,6.60,0,0,0.0065
563,95,39,30,1,23.78,6.60,0,0,0.0065
564,95,39,31,3,24.39,9.53,0,0,0.0055
565,95,39,32,1,24.14,2.43,0,0,0.0049
566,95,39,33,3,24.14,2.43,0,0,0.0049
567,95,39,34,1,23.78,6.60,0,0,0.0065
568,95,39,36,1,24.84,3.65,0,0,0.0037
569,95,39,37,1,24.84,3.65,0,0,0.0037
570,95,39,38,3,24.39,9.75,0,0,0.0055
571,95,39,39,2,24.39,9.75,0,0,0.0128
573,95,39,41,1,23.78,6.60,0,0,0.0065
574,95,39,42,2,23.78,6.60,0,0,0.0147
575,95,39,42,2,24.09,5.10,0,0,0.0124
576,95,39,43,1,23.59,7.40,0,0,0.0073
577,95,39,45,3,25.86,6.50,0,0,0.0026
578,95,39,46,3,24.03,9.28,0,0,0.0064
579,95,39,47,1,23.59,12.80,0,0,0.0087
580,95,39,50,1,24.09,5.10,0,0,0.0054
581,95,39,51,3,24.09,5.10,0,0,0.0054
582,95,39,52,3,23.89,9.13,0,0,0.0067
583,95,39,53,1,24.09,5.10,0,0,0.0054
584,95,39,54,3,24.39,9.75,0,0,0.0055
585,95,39,55,1,24.39,9.75,0,0,0.0055
586,95,39,58,3,23.89,9.13,0,0,0.0067
587,95,39,59,2,23.89,9.13,0,0,0.0153
588,95,39,60,2,23.37,8.05,0,0,0.0181
589,95,39,62,1,23.53,6.00,0,0,0.0071
590,95,39,64,1,24.67,5.13,0,0,0.0042
591,95,39,65,3,24.23,4.88,0,0,0.0051
592,95,39,66,2,23.53,6.00,0,0,0.0159
593,95,39,67,2,23.53,6.00,0,0,0.0159
594,95,39,68,3,23.53,6.00,0,0,0.0071
595,95,39,69,1,23.23,4.78,0,0,0.0078
596,95,39,70,3,23.53,6.00,0,0,0.0071
597,95,39,73,3,23.78,6.60,0,0,0.0065
598,95,39,74,1,23.78,6.60,0,0,0.0065
599,95,39,76,1,24.03,9.28,0,0,0.0064
600,95,39,78,2,24.23,4.88,0,0,0.0116
601,95,39,79,1,23.59,12.80,0,0,0.0087
602,95,39,80,3,23.78,21.18,0,0,0.0105
603,95,39,83,1,23.73,8.98,0,0,0.0072
604,95,39,84,1,24.34,9.90,0,0,0.0057
605,95,39,85,1,23.81,13.80,0,0,0.0081
606,95,39,86,2,23.59,12.80,0,0,0.0194
607,95,39,87,2,23.81,13.80,0,0,0.0184
608,95,39,88,1,23.81,13.80,0,0,0.0081
609,95,39,89,1,23.81,13.80,0,0,0.0081
611,95,39,91,3,24.61,9.85,0,0,0.0051
612,95,39,93,1,23.37,8.05,0,0,0.0082
613,95,39,94,1,23.67,7.23,0,0,0.0070
614,95,39,95,3,23.67,7.23,0,0,0.0070
615,95,39,96,3,24.61,9.85,0,0,0.0051
616,95,39,97,2,23.95,7.15,0,0,0.0140
617,95,39,98,1,23.95,7.15,0,0,0.0062
618,95,39,99,1,23.95,7.15,0,0,0.0062
619,95,39,100,1,23.95,3.65,0,0,0.0055
620,95,39,101,3,23.95,8.48,0,0,0.0064
621,95,39,102,2,23.95,3.65,0,0,0.0125
622,95,39,103,3,23.95,3.65,0,0,0.0055
623,95,39,104,2,25.14,5.68,0,0,0.0083
624,95,39,107,3,23.95,8.48,0,0,0.0064
625,95,39,108,2,23.95,3.65,0,0,0.0125
626,95,39,109,3,23.95,3.65,0,0,0.0055
627,95,39,110,1,25.86,6.50,0,0,0.0026
628,95,39,112,1,24.70,8.23,0,0,0.0046
629,95,39,113,3,24.53,4.55,0,0,0.0044
630,95,39,114,1,23.81,6.25,0,0,0.0064
631,95,39,115,3,22.34,7.20,0,0,0.0123
632,95,39,116,3,23.95,3.65,0,0,0.0055
633,95,39,117,2,23.09,12.95,0,0,0.0237
634,95,39,118,3,24.00,8.38,0,0,0.0063
635,95,39,120,3,23.78,6.60,0,0,0.0065
636,95,39,122,3,24.14,2.43,0,0,0.0049
637,95,39,123,3,23.53,6.00,5,1,0.0071
638,95,39,124,3,23.53,6.00,0,0,0.0071
639,95,39,125,3,24.23,4.88,0,0,0.0051
640,95,39,126,3,23.34,13.38,0,0,0.0098
641,95,39,127,2,23.56,14.13,0,0,0.0205
642,95,39,128,3,24.39,9.53,0,0,0.0055
643,95,39,130,1,23.53,6.00,0,0,0.0071
644,95,39,131,2,23.23,4.78,0,0,0.0172
645,95,39,132,3,24.39,9.53,0,0,0.0055
646,95,39,133,1,23.59,7.40,0,0,0.0073
647,95,39,135,3,26.39,10.05,0,0,0.0024
648,95,39,136,1,25.25,3.25,0,0,0.0031
649,95,39,140,1,25.14,5.68,0,0,0.0035
650,95,39,141,2,24.00,8.38,0,0,0.0142
651,95,39,142,1,23.48,15.63,0,0,0.0100
652,95,39,143,1,22.64,10.03,0,0,0.0119
653,95,39,144,3,24.36,16.05,0,0,0.0069
654,95,39,145,2,22.56,7.80,0,0,0.0246
655,95,39,146,2,23.56,7.88,0,0,0.0167
656,95,39,147,3,25.14,5.68,0,0,0.0035
657,95,39,148,1,23.75,4.38,0,0,0.0061
658,95,39,151,1,23.78,6.60,0,0,0.0065
659,95,39,152,3,23.95,5.95,0,0,0.0059
660,95,39,153,1,26.39,10.05,0,0,0.0024
661,95,39,155,3,23.78,6.60,0,0,0.0065
662,95,39,156,1,23.78,21.18,0,0,0.0105
663,95,39,157,2,24.09,5.10,0,0,0.0124
664,95,39,158,1,24.53,4.55,0,0,0.0044
665,95,39,159,3,23.12,10.45,0,0,0.0098
666,95,39,160,3,23.81,6.25,0,0,0.0064
667,96,17,1,2,20.78,11.70,0,0,0.0552
668,96,17,2,2,20.51,7.40,0,0,0.0535
669,96,17,3,2,20.78,11.70,0,0,0.0552
671,96,17,5,2,20.78,11.70,0,0,0.0552
672,96,17,7,2,21.98,6.93,0,0,0.0300
673,96,17,8,1,22.42,13.53,0,0,0.0146
674,96,17,9,3,23.42,9.73,0,0,0.0084
675,96,17,10,1,22.45,13.10,0,0,0.0143
676,96,17,11,1,22.48,17.15,0,0,0.0161
677,96,17,12,2,23.12,8.15,0,0,0.0200
678,96,17,13,1,22.42,13.53,0,0,0.0146
679,96,17,14,2,22.73,15.10,0,0,0.0292
680,96,17,15,1,23.12,8.15,0,0,0.0091
682,96,17,19,3,20.87,17.63,0,0,0.0323
683,96,17,20,1,22.62,12.33,4.7619,1,0.0130
685,96,17,22,4,20.70,13.13,0,0,0.0300
686,96,17,23,1,20.70,13.13,0,0,0.0300
687,96,17,24,3,23.12,8.15,0,0,0.0091
688,96,17,25,3,22.95,14.95,0,0,0.0122
690,96,17,27,2,21.42,8.40,0,0,0.0390
691,96,17,28,1,21.45,28.50,0,0,0.0359
692,96,17,29,2,21.42,8.40,0,0,0.0390
693,96,17,30,2,21.42,7.53,0,0,0.0379
694,96,17,31,2,21.45,28.50,0,0,0.0725
695,96,17,32,2,21.45,28.50,0,0,0.0725
696,96,17,33,2,20.70,12.58,0,0,0.0585
697,96,17,34,2,21.73,22.50,0,0,0.0542
698,96,17,36,1,20.09,17.85,0,0,0.0450
699,96,17,37,2,22.95,14.95,0,0,0.0267
703,96,17,41,1,22.62,12.33,10.5263,1,0.0130
704,96,17,42,1,21.92,14.53,0,0,0.0187
705,96,17,43,1,22.73,15.10,0,0,0.0135
706,96,17,44,2,20.31,16.45,0,0,0.0762
707,96,17,46,1,22.42,15.53,0,0,0.0156
708,96,17,47,3,23.00,5.90,0,0,0.0089
709,96,17,48,3,22.73,15.10,0,0,0.0135
710,96,17,49,2,23.00,5.90,0,0,0.0195
711,96,17,50,1,22.48,17.15,0,0,0.0161
712,96,17,51,1,22.48,17.15,0,0,0.0161
713,96,17,52,1,22.73,15.10,0,0,0.0135
714,96,17,53,2,22.67,8.30,0,0,0.0240
715,96,17,54,1,22.67,8.30,0,0,0.0111
716,96,17,55,1,22.67,8.30,0,0,0.0111
717,96,17,56,3,22.73,12.15,0,0,0.0123
718,96,17,57,3,24.34,5.75,0,0,0.0050
719,96,17,58,2,22.67,8.30,0,0,0.0240
720,96,17,59,2,22.84,7.90,0,0,0.0222
721,96,17,60,2,22.67,8.30,0,0,0.0240
722,96,17,61,1,22.62,11.43,0,0,0.0126
723,96,17,63,3,22.73,12.15,0,0,0.0123
724,96,17,64,3,22.87,9.60,0,0,0.0106
725,96,17,65,1,22.62,11.43,0,0,0.0126
726,96,17,66,2,22.28,12.00,0,0,0.0314
727,96,17,67,3,22.28,12.00,0,0,0.0148
728,96,17,68,2,22.28,12.00,0,0,0.0314
729,96,17,69,2,22.67,8.30,0,0,0.0240
730,96,17,71,3,22.73,12.15,0,0,0.0123
731,96,17,72,2,22.03,16.73,0,0,0.0402
732,96,17,74,2,21.73,22.50,0,0,0.0542
733,96,17,75,2,22.39,13.45,0,0,0.0315
734,96,17,76,3,22.39,13.45,0,0,0.0148
736,96,17,79,2,22.39,13.45,0,0,0.0315
737,96,17,80,3,22.73,8.48,0,0,0.0109
738,96,17,81,1,21.73,22.50,0,0,0.0263
739,96,17,82,1,22.28,12.00,0,0,0.0148
740,96,17,83,1,22.28,12.00,0,0,0.0148
741,96,17,84,2,22.56,26.38,0,0,0.0447
742,96,17,85,3,22.56,26.38,0,0,0.0210
743,96,17,88,2,22.01,26.90,0,0,0.0560
744,96,17,90,2,22.12,43.43,0,0,0.0895
745,96,17,91,2,20.09,17.85,15,1,0.0863
746,96,17,92,2,22.20,14.73,0,0,0.0354
747,96,17,93,1,21.89,16.38,0,0,0.0201
748,96,17,94,2,21.89,16.38,0,0,0.0419
749,96,17,95,2,21.89,16.38,0,0,0.0419
750,96,17,96,3,22.73,8.48,0,0,0.0109
751,96,17,97,3,22.73,8.48,0,0,0.0109
752,96,17,98,2,22.87,10.68,15,1,0.0240
753,96,17,99,3,22.73,8.48,0,0,0.0109
754,96,17,100,2,21.89,16.38,0,0,0.0419
755,96,17,101,3,22.20,14.73,0,0,0.0167
756,96,17,102,1,22.87,10.68,0,0,0.0110
757,96,17,103,3,22.51,10.33,0,0,0.0127
758,96,17,104,2,22.20,14.73,0,0,0.0354
759,96,17,105,1,21.89,16.38,0,0,0.0201
760,96,17,106,3,22.73,8.48,0,0,0.0109
761,96,17,107,1,22.73,8.48,0,0,0.0109
762,96,17,108,2,24.00,5.88,0,0,0.0131
763,96,17,109,2,24.00,5.88,0,0,0.0131
764,96,17,110,1,22.73,8.48,0,0,0.0109
765,96,17,111,2,22.73,8.40,0,0,0.0235
766,96,17,112,2,22.73,8.40,0,0,0.0235
767,96,17,113,2,22.73,8.48,0,0,0.0236
768,96,17,114,2,22.51,10.33,0,0,0.0273
769,96,17,115,3,22.73,8.48,0,0,0.0109
770,96,17,116,2,24.00,5.88,0,0,0.0131
771,96,17,117,3,23.95,2.38,0,0,0.0053
772,96,17,118,2,23.64,5.83,0,0,0.0151
773,96,17,119,1,23.39,6.58,0,0,0.0077
774,96,17,120,2,24.00,5.88,0,0,0.0131
775,96,17,123,1,23.48,7.53,0,0,0.0076
776,96,17,124,3,23.39,6.58,0,0,0.0077
777,96,17,125,3,23.39,6.58,0,0,0.0077
778,96,17,127,3,23.39,6.58,0,0,0.0077
779,96,17,128,3,23.64,5.83,0,0,0.0067
780,96,17,129,3,23.48,10.63,0,0,0.0085
781,96,17,131,1,23.48,10.63,0,0,0.0085
782,96,17,132,3,23.31,5.48,0,0,0.0077
783,96,17,133,1,23.48,7.53,0,0,0.0076
784,96,17,134,3,23.31,5.48,0,0,0.0077
785,96,17,135,3,24.92,6.83,0,0,0.0040
786,96,17,136,3,23.31,5.48,0,0,0.0077
787,96,17,138,3,24.92,6.83,0,0,0.0040
788,96,17,139,3,24.23,2.43,0,0,0.0047
789,96,17,140,2,23.95,2.38,0,0,0.0120
792,96,17,144,1,23.95,2.38,0,0,0.0053
793,96,17,145,3,24.23,2.43,0,0,0.0047
794,96,17,147,3,24.11,4.43,0,0,0.0052
795,96,17,148,1,23.64,5.83,0,0,0.0067
796,96,17,149,3,23.64,5.83,0,0,0.0067
797,96,17,150,2,23.70,5.80,0,0,0.0148
798,96,17,151,1,24.20,3.80,0,0,0.0050
800,96,17,154,3,24.09,16.48,0,0,0.0079
801,96,17,155,1,24.09,16.48,0,0,0.0079
802,96,17,156,1,23.70,5.80,0,0,0.0066
803,96,17,157,1,23.87,7.55,0,0,0.0065
804,96,17,158,1,24.11,11.10,0,0,0.0065
805,96,17,160,3,23.48,5.53,0,0,0.0072
806,96,17,161,1,25.36,15.43,0,0,0.0044
807,96,17,162,3,24.45,13.40,0,0,0.0061
808,96,17,164,3,23.48,5.53,0,0,0.0072
809,96,17,165,2,24.34,5.75,0,0,0.0115
810,96,17,166,2,24.78,8.13,0,0,0.0104
811,96,17,167,1,24.48,5.50,0,0,0.0046
812,96,17,169,3,23.81,10.48,0,0,0.0073
813,96,17,170,1,21.98,6.93,0,0,0.0143
814,96,17,171,1,22.73,15.10,0,0,0.0135
815,96,17,172,1,21.98,6.93,0,0,0.0143
816,96,17,174,1,21.03,22.25,0,0,0.0350
817,96,17,176,3,23.28,7.73,0,0,0.0084
818,96,17,177,2,22.45,13.10,0,0,0.0305
819,96,17,178,2,22.62,12.33,0,0,0.0279
820,96,17,179,3,22.67,6.38,0,0,0.0104
821,96,17,180,1,23.28,7.73,0,0,0.0084
822,96,17,181,1,23.64,10.85,0,0,0.0079
823,96,17,182,2,22.20,4.58,0,0,0.0255
824,96,17,183,2,22.73,12.15,0,0,0.0266
825,96,17,184,2,23.64,7.60,0,0,0.0160
826,96,17,185,1,22.20,53.75,0,0,0.0586
827,96,17,186,1,22.20,53.75,0,0,0.0586
828,96,17,187,3,23.31,5.48,0,0,0.0077
829,96,17,188,3,24.14,3.95,0,0,0.0051
830,96,17,189,2,22.87,10.68,0,0,0.0240
831,96,17,190,3,23.81,10.48,0,0,0.0073
832,96,17,191,1,24.14,3.95,0,0,0.0051
833,96,17,193,3,23.64,10.85,0,0,0.0079
834,96,17,194,1,24.56,8.90,0,0,0.0050
835,96,17,196,1,24.20,3.80,0,0,0.0050
836,96,17,197,1,24.28,3.78,0,0,0.0048
837,96,17,198,3,24.20,3.80,0,0,0.0050
838,96,17,199,1,24.20,3.80,0,0,0.0050
839,96,17,203,3,23.87,7.55,0,0,0.0065
840,96,17,204,3,23.87,7.55,0,0,0.0065
841,96,17,205,3,23.70,7.65,0,0,0.0070
842,96,17,206,2,24.09,16.48,0,0,0.0180
843,96,17,207,1,24.09,16.48,0,0,0.0079
844,96,17,208,1,24.25,6.25,0,0,0.0052
845,96,17,209,1,24.48,5.50,0,0,0.0046
847,96,17,212,2,22.45,13.10,0,0,0.0305
849,96,17,214,2,22.73,15.10,0,0,0.0292
850,96,17,215,2,23.00,5.90,0,0,0.0195
851,96,17,217,2,22.92,4.35,0,0,0.0191
852,96,17,218,1,23.00,5.90,0,0,0.0089
853,96,17,219,1,23.00,5.90,0,0,0.0089
854,96,17,220,1,22.20,4.58,0,0,0.0120
855,96,17,221,3,22.51,10.33,0,0,0.0127
856,96,17,222,3,24.14,3.95,0,0,0.0051
857,96,17,223,3,23.64,10.85,0,0,0.0079
859,96,17,225,3,23.95,2.38,0,0,0.0053
860,96,17,228,2,24.56,8.90,5,1,0.0117
861,96,17,229,1,23.42,11.05,0,0,0.0088
862,96,17,230,2,24.09,16.48,0,0,0.0180
863,96,17,231,2,24.78,8.13,0,0,0.0104
864,96,17,233,3,23.39,9.48,0,0,0.0085
865,96,17,235,1,23.39,9.48,0,0,0.0085
866,96,17,236,2,22.62,11.43,0,0,0.0271
867,96,17,237,2,23.48,10.63,0,0,0.0189
868,96,17,238,2,23.28,7.73,0,0,0.0185
869,96,17,239,3,22.42,15.53,0,0,0.0156
870,96,17,239,3,20.31,16.45,0,0,0.0393
873,96,19,1,2,22.62,4.93,0,0,0.0659
874,96,19,2,3,21.06,8.95,0,0,0.0679
875,96,19,3,1,20.36,5.95,0,0,0.0820
876,96,19,4,2,21.03,2.90,0,0,0.1109
877,96,19,5,2,19.63,4.33,0,0,0.1862
878,96,19,5,2,20.52,4.33,0,0,0.1379
879,96,19,6,2,19.63,4.33,0,0,0.1862
881,96,19,8,2,23.16,6.70,0,0,0.0570
882,96,19,9,2,23.16,6.70,0,0,0.0570
883,96,19,10,3,23.02,4.50,0,0,0.0261
884,96,19,11,2,23.02,4.50,0,0,0.0561
886,96,19,13,3,22.20,4.53,0,0,0.0368
887,96,19,14,3,22.74,13.65,0,0,0.0395
888,96,19,15,2,22.57,10.30,0,0,0.0794
890,96,19,17,3,22.74,13.65,0,0,0.0395
891,96,19,18,2,22.54,9.95,0,0,0.0793
892,96,19,19,2,23.16,6.70,0,0,0.0570
893,96,19,21,3,23.07,3.40,0,0,0.0246
894,96,19,22,2,23.07,3.40,0,0,0.0531
895,96,19,23,2,22.18,5.65,0,0,0.0795
896,96,19,24,2,20.86,4.13,0,0,0.1220
897,96,19,25,1,22.18,5.65,0,0,0.0386
898,96,19,26,1,21.56,9.70,0,0,0.0566
899,96,19,27,1,23.38,10.25,0,0,0.0270
900,96,19,28,2,20.83,8.80,0,0,0.1409
901,96,19,29,2,20.86,4.13,0,0,0.1220
902,96,19,30,1,22.51,12.60,0,0,0.0419
903,96,19,31,2,23.07,3.40,0,0,0.0531
904,96,19,32,2,22.18,5.65,0,0,0.0795
905,96,19,33,2,20.83,8.70,0,0,0.1405
906,96,19,35,2,22.34,4.48,0,0,0.0721
907,96,19,36,1,25.31,4.80,0,0,0.0099
909,96,19,38,2,21.48,8.30,0,0,0.1109
910,96,19,39,1,23.69,2.43,0,0,0.0184
912,96,19,41,1,22.18,6.33,0,0,0.0394
913,96,19,42,3,21.92,6.23,0,0,0.0437
914,96,19,43,1,20.86,4.13,0,0,0.0633
915,96,19,44,2,23.69,2.43,0,0,0.0407
917,96,19,46,2,23.69,4.58,5,1,0.0436
918,96,19,47,3,22.18,5.65,0,0,0.0386
920,96,19,49,2,23.80,7.95,0,0,0.0465
921,96,19,51,2,23.80,6.05,0,0,0.0438
922,96,19,52,2,21.95,2.50,0,0,0.0784
923,96,19,53,2,23.80,7.95,5,1,0.0465
925,96,19,55,2,22.40,3.18,5,1,0.0678
926,96,19,56,1,23.80,7.95,0,0,0.0210
927,96,19,57,1,22.68,10.05,0,0,0.0360
928,96,19,58,1,22.40,3.18,0,0,0.0325
930,96,19,60,3,21.64,15.90,0,0,0.0664
931,96,19,61,1,21.92,10.40,0,0,0.0498
932,96,19,61,1,21.92,10.40,0,0,0.0498
933,96,19,62,2,22.62,13.00,0,0,0.0844
934,96,19,63,2,21.92,12.88,0,0,0.1083
935,96,19,64,2,21.64,15.90,0,0,0.1306
936,96,19,65,2,21.45,12.23,0,0,0.1257
937,96,19,65,2,21.59,12.23,0,0,0.1197
938,96,19,66,2,21.45,16.30,0,0,0.1413
939,96,19,67,2,21.59,12.23,0,0,0.1197
940,96,19,68,3,22.48,17.65,15,1,0.0497
941,96,19,69,1,21.92,10.40,0,0,0.0498
942,96,19,69,1,23.46,10.40,0,0,0.0262
943,96,19,70,2,22.51,15.90,0,0,0.0960
944,96,19,71,3,22.48,17.65,0,0,0.0497
945,96,19,72,2,22.54,6.40,0,0,0.0711
947,96,19,74,2,21.64,15.90,0,0,0.1306
948,96,19,75,1,22.48,17.65,0,0,0.0497
949,96,19,76,2,21.92,15.90,0,0,0.1184
950,96,19,77,2,22.51,16.13,0,0,0.0966
951,96,19,79,3,21.84,27.20,0,0,0.0868
952,96,19,80,3,21.84,27.20,0,0,0.0868
953,96,19,81,1,22.48,17.65,0,0,0.0497
954,96,19,82,1,22.51,16.13,0,0,0.0468
955,96,19,83,2,22.09,31.88,5,1,0.1758
957,96,19,85,1,21.84,27.20,0,0,0.0868
958,96,19,86,3,22.48,17.65,0,0,0.0497
959,96,19,87,3,20.80,3.15,0,0,0.0628
960,96,19,88,2,21.31,17.58,0,0,0.1536
961,96,19,89,2,22.48,27.20,0,0,0.1351
962,96,19,90,3,22.48,27.20,0,0,0.0670
964,96,19,92,1,22.48,17.65,0,0,0.0497
965,96,19,93,1,22.51,16.13,10,1,0.0468
966,96,19,94,2,22.09,31.88,0,0,0.1758
967,96,19,95,2,21.50,17.98,0,0,0.1454
968,96,19,95,2,21.50,17.98,0,0,0.1454
969,96,19,96,2,20.55,5.80,0,0,0.1424
971,96,19,98,2,21.48,5.33,0,0,0.1016
972,96,19,99,2,21.48,5.33,0,0,0.1016
973,96,19,100,2,21.03,6.18,0,0,0.1221
974,96,19,101,3,20.36,6.93,10,1,0.0845
975,96,19,102,4,20.47,9.03,0,0,0.0861
976,96,19,103,2,21.11,9.23,0,0,0.1295
977,96,19,104,2,20.66,7.63,0,0,0.1444
978,96,19,104,2,21.11,9.23,0,0,0.1295
979,96,19,105,3,20.55,5.80,0,0,0.0755
980,96,19,106,2,20.55,5.80,0,0,0.1424
981,96,19,107,2,20.55,5.80,0,0,0.1424
982,96,19,108,2,21.11,9.23,0,0,0.1295
984,96,19,110,2,20.55,5.80,0,0,0.1424
986,96,19,112,2,21.03,6.75,0,0,0.1241
988,96,19,114,3,20.83,8.48,0,0,0.0732
990,96,19,116,1,21.11,2.10,0,0,0.0536
991,96,19,117,2,21.14,4.58,0,0,0.1120
994,96,19,120,1,20.55,7.00,0,0,0.0783
997,96,19,123,1,20.36,6.73,0,0,0.0840
999,96,19,125,3,20.83,8.48,0,0,0.0732
1000,96,19,126,2,20.83,8.48,31.579,1,0.1396
1001,96,19,127,3,20.83,8.48,0,0,0.0732
1004,96,19,130,3,20.83,8.48,0,0,0.0732
1005,96,19,131,2,21.31,6.33,0,0,0.1111
1006,96,19,131,2,20.92,6.33,0,0,0.1275
1009,96,19,134,3,20.80,3.15,5.5556,1,0.0628
1010,96,19,135,2,20.80,3.15,0,0,0.1209
1012,96,19,137,2,20.80,3.15,20,1,0.1209
1013,96,19,138,3,20.72,1.75,0,0,0.0622
1014,96,19,139,2,20.80,3.15,15.7895,1,0.1209
1015,96,19,141,1,20.10,4.53,0,0,0.0868
1016,96,19,142,3,20.72,1.75,0,0,0.0622
1017,96,19,144,3,20.80,3.15,0,0,0.0628
1018,96,19,145,3,20.72,1.75,80,1,0.0622
1019,96,19,146,3,20.16,4.13,0,0,0.0839
1020,96,19,147,3,20.16,4.13,0,0,0.0839
1021,96,19,148,2,20.72,1.75,0,0,0.1195
1023,96,19,150,1,20.75,4.83,0,0,0.0677
1025,96,19,152,2,20.72,7.95,0,0,0.1430
1026,96,19,153,2,20.72,7.95,0,0,0.1430
1027,96,19,154,2,20.83,8.20,0,0,0.1385
1028,96,19,155,3,20.27,5.90,0,0,0.0847
1029,96,19,156,3,20.27,5.90,0,0,0.0847
1030,96,19,157,2,20.61,3.93,4.3478,1,0.1324
1032,96,19,159,2,21.50,10.68,0,0,0.1178
1033,96,19,160,3,20.27,5.90,0,0,0.0847
1034,96,19,161,1,21.00,7.83,5,1,0.0671
1035,96,19,162,1,20.72,7.95,0,0,0.0754
1036,96,19,163,2,20.75,6.03,0,0,0.1340
1037,96,19,164,2,20.92,4.88,0,0,0.1222
1038,96,19,165,3,20.83,8.20,0,0,0.0726
1040,96,19,167,2,20.27,5.90,0,0,0.1571
1041,96,19,168,2,20.83,8.20,0,0,0.1385
1042,96,19,169,3,20.72,7.95,0,0,0.0754
1043,96,19,170,2,20.75,6.03,0,0,0.1340
1044,96,19,171,2,20.75,6.03,5,1,0.1340
1045,96,19,172,3,21.00,3.85,0,0,0.0593
1046,96,19,173,3,20.55,6.53,0,0,0.0772
1047,96,19,174,3,21.67,7.45,35,1,0.0504
1048,96,19,175,2,21.11,9.53,0,0,0.1306
1049,96,19,176,2,21.11,9.53,0,0,0.1306
1051,96,19,178,3,21.36,5.15,0,0,0.0532
1053,96,19,180,2,20.52,5.83,0,0,0.1439
1054,96,19,181,3,20.52,5.83,0,0,0.0764
1055,96,19,182,2,20.55,6.53,0,0,0.1454
1056,96,19,183,2,20.55,6.53,0,0,0.1454
1057,96,19,184,2,21.70,5.95,11.1111,1,0.0955
1058,96,19,185,2,20.83,8.20,0,0,0.1385
1059,96,19,186,4,21.11,9.53,0,0,0.0676
1060,96,19,187,2,20.55,6.53,0,0,0.1454
1061,96,19,188,3,21.67,7.45,0,0,0.0504
1062,96,19,189,1,21.17,8.68,0,0,0.0643
1064,96,19,191,2,21.17,8.68,0,0,0.1250
1065,96,19,192,3,21.17,8.68,0,0,0.0643
1066,96,19,193,2,20.72,8.58,15.7895,1,0.1455
1067,96,19,193,2,21.11,8.58,15.7895,1,0.1271
1068,96,19,194,1,20.83,8.20,0,0,0.0726
1069,96,19,195,2,21.36,7.93,0,0,0.1142
1070,96,19,196,2,21.59,9.70,0,0,0.1111
1071,96,19,197,3,22.40,5.43,0,0,0.0349
1072,96,19,198,2,21.50,17.98,0,0,0.1454
1073,96,19,199,3,21.11,8.58,0,0,0.0656
1074,96,19,200,2,21.36,7.93,29.4118,1,0.1142
1075,96,19,201,3,21.36,10.68,0,0,0.0632
1076,96,19,202,2,21.17,8.68,0,0,0.1250
1077,96,19,203,4,21.17,8.68,0,0,0.0643
1078,96,19,204,3,21.11,8.58,0,0,0.0656
1079,96,19,205,3,21.11,8.58,0,0,0.0656
1080,96,19,206,2,21.39,8.73,0,0,0.1157
1081,96,19,208,1,21.56,8.80,0,0,0.0550
1082,96,19,209,1,21.53,10.15,0,0,0.0581
1083,96,19,210,3,21.17,8.68,0,0,0.0643
1084,96,19,211,2,21.39,8.73,0,0,0.1157
1085,96,19,212,1,21.59,12.23,0,0,0.0606
1086,96,19,213,2,21.56,9.70,0,0,0.1122
1087,96,19,214,2,21.36,7.93,0,0,0.1142
1089,96,19,216,3,21.50,17.98,0,0,0.0749
1090,96,19,217,2,22.40,10.15,0,0,0.0840
1091,96,19,218,3,21.81,10.28,0,0,0.0520
1092,96,19,220,1,21.81,10.28,0,0,0.0520
1093,96,19,221,3,21.56,9.70,0,0,0.0566
1094,96,19,222,2,22.40,10.08,20,1,0.0838
1095,96,19,223,3,21.50,17.98,0,0,0.0749
1096,96,19,224,3,21.50,12.88,0,0,0.0639
1097,96,19,225,3,21.00,5.13,0,0,0.0617
1098,96,19,226,1,22.62,4.93,0,0,0.0313
1099,96,19,227,2,22.18,4.45,0,0,0.0767
1100,96,19,230,2,23.77,11.65,0,0,0.0528
1101,96,19,231,1,23.38,10.25,0,0,0.0270
1102,96,19,232,1,23.38,10.25,0,0,0.0270
1103,96,19,233,2,22.79,6.75,0,0,0.0655
1105,96,19,236,3,21.11,8.58,0,0,0.0656
1106,96,19,237,1,21.81,10.28,0,0,0.0520
1107,96,19,238,3,20.86,4.13,0,0,0.0633
1108,96,19,239,2,21.45,16.30,0,0,0.1413
1110,96,27,1,3,20.61,11.20,0,0,0.1422
1111,96,27,2,3,20.64,2.80,0,0,0.1103
1112,96,27,3,3,20.64,7.15,0,0,0.1253
1113,96,27,4,3,20.64,8.35,0,0,0.1297
1114,96,27,6,2,21.08,2.80,0,0,0.1745
1115,96,27,7,3,21.08,5.35,0,0,0.1000
1118,96,27,10,1,20.83,8.15,0,0,0.1197
1119,96,27,11,3,21.08,5.35,0,0,0.1000
1120,96,27,12,3,20.58,8.33,0,0,0.1324
1121,96,27,13,3,20.58,8.33,0,0,0.1324
1122,96,27,14,3,20.24,3.20,0,0,0.1296
1123,96,27,15,3,21.39,3.08,0,0,0.0826
1124,96,27,16,3,21.11,4.50,0,0,0.0964
1125,96,27,17,3,21.39,3.08,0,0,0.0826
1126,96,27,19,2,21.00,12.63,0,0,0.2325
1127,96,27,20,3,19.60,14.08,0,0,0.2202
1128,96,27,21,2,20.58,8.33,0,0,0.2370
1129,96,27,22,2,20.58,8.33,0,0,0.2370
1130,96,27,24,2,20.58,8.33,0,0,0.2370
1131,96,27,25,2,21.00,12.63,5,1,0.2325
1132,96,27,26,3,21.50,1.28,0,0,0.0748
1133,96,27,27,3,21.50,1.28,0,0,0.0748
1134,96,27,28,3,20.64,6.15,5.1282,1,0.1217
1135,96,27,29,3,21.50,1.28,0,0,0.0748
1136,96,27,30,3,21.50,5.93,0,0,0.0862
1137,96,27,32,3,20.38,3.03,0,0,0.1223
1138,96,27,33,2,21.50,3.05,0,0,0.1527
1139,96,27,34,3,21.50,3.05,0,0,0.0790
1140,96,27,35,3,21.50,5.93,0,0,0.0862
1141,96,27,36,3,19.96,4.03,0,0,0.1473
1142,96,27,37,2,21.50,5.93,0,0,0.1655
1143,96,27,39,2,21.50,6.75,0,0,0.1693
1144,96,27,40,3,19.96,4.03,0,0,0.1473
1145,96,27,41,3,20.24,4.50,0,0,0.1345
1146,96,27,42,2,18.42,19.65,10,1,0.5169
1147,96,27,43,2,19.96,4.03,0,0,0.2562
1148,96,27,44,1,20.24,4.50,0,0,0.1345
1149,96,27,45,3,19.96,4.03,0,0,0.1473
1150,96,27,46,3,19.96,4.03,0,0,0.1473
1151,96,27,47,3,20.24,4.50,0,0,0.1345
1152,96,27,48,3,20.64,6.75,0,0,0.1238
1153,96,27,49,3,21.50,5.93,0,0,0.0862
1154,96,27,50,3,20.64,6.75,5,1,0.1238
1155,96,27,51,2,20.44,6.93,0,0,0.2387
1156,96,27,52,3,20.44,6.93,0,0,0.1340
1159,96,27,56,3,20.64,13.90,0,0,0.1519
1160,96,27,58,3,21.25,5.93,0,0,0.0952
1161,96,27,59,3,20.75,2.88,0,0,0.1058
1162,96,27,60,3,20.61,5.93,0,0,0.1222
1163,96,27,62,3,20.92,7.33,0,0,0.1131
1164,96,27,63,2,20.75,2.88,5,1,0.1951
1165,96,27,64,2,20.75,2.88,0,0,0.1951
1166,96,27,65,2,20.80,4.48,20,1,0.2000
1167,96,27,66,3,20.75,2.88,5,1,0.1058
1168,96,27,67,3,20.80,4.48,0,0,0.1086
1169,96,27,68,3,20.47,3.28,0,0,0.1193
1170,96,27,69,3,20.47,3.28,0,0,0.1193
1171,96,27,70,3,20.58,6.50,0,0,0.1256
1172,96,27,71,3,20.41,1.68,0,0,0.1163
1173,96,27,72,3,20.64,5.18,0,0,0.1182
1174,96,27,73,3,20.47,3.28,0,0,0.1193
1175,96,27,74,3,20.47,3.28,0,0,0.1193
1177,96,27,79,3,20.47,3.28,0,0,0.1193
1178,96,27,82,2,20.86,6.08,15,1,0.2049
1179,96,27,83,3,21.00,6.50,0,0,0.1069
1180,96,27,85,3,21.00,3.28,0,0,0.0971
1182,96,27,87,3,20.50,5.98,0,0,0.1277
1183,96,27,88,3,21.00,3.28,0,0,0.0971
1184,96,27,89,3,20.50,5.98,0,0,0.1277
1185,96,27,93,3,23.32,5.45,10,1,0.0405
1186,96,27,95,3,20.61,5.93,0,0,0.1222
1187,96,27,96,2,20.44,8.23,0,0,0.2466
1188,96,27,96,2,21.25,8.23,0,0,0.1914
1189,96,27,97,2,20.75,2.88,0,0,0.1951
1190,96,27,98,2,20.75,2.88,0,0,0.1951
1191,96,27,99,2,20.75,2.88,35,1,0.1951
1192,96,27,100,3,21.08,5.35,0,0,0.1000
1193,96,27,101,2,21.08,5.35,0,0,0.1871
1194,96,27,102,2,18.79,12.13,15,1,0.4189
1195,96,27,104,3,20.47,4.50,0,0,0.1236
1196,96,27,107,2,21.45,2.85,0,0,0.1548
1197,96,27,110,2,21.95,7.80,5,1,0.1500
1198,96,27,111,3,20.50,9.38,0,0,0.1408
1199,96,27,112,2,21.11,4.50,5,1,0.1811
1200,96,27,113,3,17.53,4.50,5,1,0.3356
1201,96,27,114,3,20.50,3.28,0,0,0.1180
1202,96,27,115,3,20.44,6.93,0,0,0.1340
1203,96,27,117,3,20.86,6.48,5,1,0.1127
1205,96,27,119,3,20.64,5.18,0,0,0.1182
1206,96,27,120,2,20.50,9.38,5.55556,1,0.2496
1207,96,39,1,2,21.95,15.93,0,0,0.0405
1208,96,39,2,1,21.95,15.93,0,0,0.0194
1209,96,39,3,3,22.34,14.23,0,0,0.0155
1210,96,39,4,3,21.95,15.93,0,0,0.0194
1211,96,39,5,1,21.95,15.93,0,0,0.0194
1212,96,39,6,1,21.09,7.80,0,0,0.0214
1213,96,39,7,1,21.09,7.80,0,0,0.0214
1214,96,39,8,1,21.78,6.10,0,0,0.0151
1215,96,39,9,1,21.78,6.10,0,0,0.0151
1216,96,39,10,1,21.87,4.53,0,0,0.0138
1217,96,39,11,3,21.78,6.10,0,0,0.0151
1218,96,39,12,1,21.78,6.10,0,0,0.0151
1219,96,39,13,1,21.06,6.55,0,0,0.0208
1220,96,39,14,1,21.78,6.10,0,0,0.0151
1221,96,39,15,3,22.09,13.10,0,0,0.0167
1222,96,39,17,1,23.50,13.40,5,1,0.0092
1223,96,39,18,2,23.50,13.40,0,0,0.0204
1224,96,39,19,3,22.73,8.90,0,0,0.0110
1226,96,39,21,2,21.65,9.03,0,0,0.0365
1227,96,39,22,1,21.92,12.93,0,0,0.0178
1228,96,39,24,3,21.95,10.73,0,0,0.0163
1229,96,39,25,1,22.23,8.33,0,0,0.0134
1230,96,39,26,2,21.56,6.98,0,0,0.0353
1231,96,39,28,3,21.56,6.98,0,0,0.0171
1232,96,39,29,1,21.20,10.20,0,0,0.0221
1233,96,39,30,2,21.40,17.60,0,0,0.0527
1234,96,39,31,3,21.67,9.78,0,0,0.0178
1235,96,39,32,1,21.67,9.78,0,0,0.0178
1236,96,39,33,1,21.65,9.03,0,0,0.0176
1237,96,39,34,1,24.25,12.08,0,0,0.0064
1238,96,39,35,2,22.67,15.28,0,0,0.0300
1239,96,39,36,2,22.67,15.28,0,0,0.0300
1240,96,39,38,1,23.50,16.13,0,0,0.0100
1241,96,39,40,3,22.39,8.05,0,0,0.0124
1242,96,39,41,3,22.34,11.68,0,0,0.0143
1243,96,39,42,1,22.34,11.68,0,0,0.0143
1244,96,39,43,3,22.34,11.68,0,0,0.0143
1245,96,39,45,3,21.89,9.98,0,0,0.0163
1246,96,39,48,1,22.56,11.43,0,0,0.0129
1247,96,39,51,1,22.56,11.43,0,0,0.0129
1248,96,39,52,3,21.09,7.80,0,0,0.0214
1249,96,39,53,3,22.23,8.33,0,0,0.0134
1250,96,39,54,2,22.23,8.33,0,0,0.0285
1251,96,39,56,1,21.87,4.53,0,0,0.0138
1252,96,39,57,1,24.31,5.63,0,0,0.0050
1253,96,39,58,2,21.95,15.93,0,0,0.0405
1254,96,39,59,2,21.06,6.55,0,0,0.0422
1255,96,39,61,3,21.09,7.80,0,0,0.0214
1256,96,39,64,2,21.78,10.65,0,0,0.0364
1257,96,39,65,1,21.06,8.55,0,0,0.0222
1258,96,39,66,1,21.78,10.65,0,0,0.0175
1259,96,39,67,1,21.09,7.80,0,0,0.0214
1260,96,39,69,3,22.34,14.23,0,0,0.0155
1261,96,39,70,1,21.09,7.80,0,0,0.0214
1262,96,39,71,3,22.09,13.10,0,0,0.0167
1263,96,39,72,3,22.09,13.10,0,0,0.0167
1264,96,39,73,1,21.09,7.80,0,0,0.0214
1265,96,39,74,1,21.09,7.80,0,0,0.0214
1266,96,39,75,1,21.09,7.80,0,0,0.0214
1267,96,39,76,1,21.09,7.80,0,0,0.0214
1268,96,39,77,1,21.09,7.80,0,0,0.0214
1269,96,39,79,1,22.34,14.23,0,0,0.0155
1270,96,39,80,1,22.73,8.90,0,0,0.0110
1271,96,39,82,1,21.98,10.05,0,0,0.0158
1272,96,39,84,1,22.20,11.20,0,0,0.0149
1273,96,39,87,3,22.73,8.90,0,0,0.0110
1274,96,39,88,2,22.01,12.80,0,0,0.0358
1275,96,39,89,3,22.01,12.80,0,0,0.0171
1277,96,39,91,2,21.40,17.60,0,0,0.0527
1279,96,39,93,3,22.34,11.68,0,0,0.0143
1280,96,39,94,3,21.89,9.98,0,0,0.0163
1281,96,39,95,1,21.89,9.98,0,0,0.0163
1283,96,39,97,1,22.56,14.73,0,0,0.0144
1284,96,39,98,3,24.25,12.08,0,0,0.0064
1285,96,39,99,2,21.92,12.93,0,0,0.0372
1286,96,39,100,1,24.25,12.08,0,0,0.0064
1287,96,39,101,1,22.34,14.23,0,0,0.0155
1288,96,39,102,1,22.34,14.23,0,0,0.0155
1289,96,39,103,1,21.65,11.50,0,0,0.0191
1290,96,39,104,1,21.65,11.50,0,0,0.0191
1291,96,39,105,1,21.92,12.93,0,0,0.0178
1292,96,39,106,1,21.65,11.50,0,0,0.0191
1293,96,39,108,1,22.09,13.10,0,0,0.0167
1294,96,39,109,1,24.25,12.08,0,0,0.0064
1295,96,39,110,3,21.56,6.98,0,0,0.0171
1296,96,39,111,2,20.70,7.78,0,0,0.0503
1297,96,39,112,2,21.76,13.10,0,0,0.0398
1298,96,39,113,3,22.45,19.23,0,0,0.0174
1299,96,39,114,3,21.89,9.98,0,0,0.0163
1300,96,39,116,1,21.15,7.20,0,0,0.0205
1301,96,39,117,1,21.31,8.20,0,0,0.0198
1302,96,39,118,1,23.50,13.40,0,0,0.0092
1303,96,39,119,2,22.92,5.20,0,0,0.0196
1304,96,39,120,2,22.92,5.20,0,0,0.0196
1305,96,39,121,3,21.17,6.78,0,0,0.0200
1306,96,39,122,3,20.20,7.05,0,0,0.0305
1307,96,39,124,1,19.81,7.98,0,0,0.0369
1308,96,39,126,3,22.73,8.90,0,0,0.0110
1310,96,39,129,3,22.39,8.05,0,0,0.0124
1311,96,39,130,1,22.39,8.05,0,0,0.0124
1312,96,39,131,2,21.67,9.78,0,0,0.0370
1313,96,39,132,2,21.67,9.78,0,0,0.0370
1314,96,39,133,1,21.65,9.03,0,0,0.0176
1315,96,39,134,1,21.65,9.03,0,0,0.0176
1316,96,39,135,3,21.65,9.03,0,0,0.0176
1317,96,39,137,2,20.15,7.90,0,0,0.0623
1319,96,39,139,1,21.89,9.98,0,0,0.0163
1320,96,39,141,1,21.89,9.98,0,0,0.0163
1321,96,39,142,2,22.45,19.23,0,0,0.0371
1322,96,39,143,2,21.17,8.25,0,0,0.0427
1323,96,39,145,1,24.25,12.08,0,0,0.0064
1324,96,39,146,1,24.25,12.08,0,0,0.0064
1325,96,39,147,1,22.01,12.80,0,0,0.0171
1326,96,39,148,1,24.25,12.08,0,0,0.0064
1327,96,39,149,2,21.78,6.10,0,0,0.0315
1329,97,19,3,1,23.74,2.74,0,0,0.0182
1330,97,19,4,3,21.25,13.87,20,1,0.0731
1331,97,19,5,3,21.11,5.92,0,0,0.0605
1332,97,19,7,3,21.11,5.92,0,0,0.0605
1333,97,19,7,3,21.84,5.92,0,0,0.0448
1334,97,19,9,2,23.94,2.54,0,0,0.0371
1335,97,19,10,2,23.24,3.53,0,0,0.0500
1336,97,19,11,1,23.24,3.81,0,0,0.0233
1337,97,19,11,1,21.08,3.81,0,0,0.0573
1338,97,19,14,3,23.80,8.61,0,0,0.0214
1339,97,19,18,1,23.55,6.17,0,0,0.0220
1340,97,19,20,2,23.18,8.00,0,0,0.0589
1341,97,19,22,2,23.80,8.61,0,0,0.0475
1344,97,19,31,2,22.71,3.02,0,0,0.0601
1345,97,19,32,1,22.88,2.41,0,0,0.0259
1346,97,19,33,2,22.71,3.02,0,0,0.0601
1347,97,19,34,1,23.55,2.54,0,0,0.0196
1349,97,19,43,1,22.18,4.67,0,0,0.0374
1350,97,19,45,2,24.16,2.92,0,0,0.0345
1351,97,19,46,2,23.74,7.06,0,0,0.0462
1353,97,19,54,2,21.48,5.16,0,0,0.1009
1354,97,19,57,3,22.62,3.68,0,0,0.0301
1356,97,19,59,1,22.20,4.95,0,0,0.0374
1358,97,19,64,2,23.69,8.13,0,0,0.0488
1360,97,19,66,2,23.97,1.80,0,0,0.0358
1361,97,19,73,1,23.16,4.50,0,0,0.0246
1362,97,19,75,2,21.78,5.00,0,0,0.0901
1363,97,19,76,3,23.16,4.50,0,0,0.0246
1364,97,19,78,2,23.97,3.43,0,0,0.0377
1365,97,19,80,2,22.68,3.30,0,0,0.0613
1366,97,19,81,2,21.78,5.00,0,0,0.0901
1367,97,19,82,1,23.32,3.45,0,0,0.0222
1368,97,19,85,1,22.99,6.58,0,0,0.0283
1369,97,19,87,2,23.16,2.34,0,0,0.0497
1370,97,19,89,2,23.66,7.26,0,0,0.0480
1371,97,19,93,1,23.16,4.50,0,0,0.0246
1372,97,19,94,2,23.32,3.45,0,0,0.0484
1373,97,19,96,2,22.99,9.37,0,0,0.0660
1374,97,19,97,2,23.66,7.26,0,0,0.0480
1375,97,19,100,2,22.37,8.23,0,0,0.0801
1376,97,19,101,3,21.84,11.46,0,0,0.0533
1377,97,19,102,3,21.84,11.46,0,0,0.0533
1378,97,19,103,3,21.84,11.46,0,0,0.0533
1379,97,19,106,3,21.90,6.45,0,0,0.0444
1380,97,19,110,2,21.50,7.42,0,0,0.1072
1381,97,19,111,1,20.05,11.56,0,0,0.1095
1382,97,19,113,1,22.20,10.62,0,0,0.0448
1383,97,19,114,2,22.37,8.23,0,0,0.0801
1384,97,19,116,2,22.20,10.62,0,0,0.0917
1385,97,19,118,2,21.50,7.42,0,0,0.1072
1386,97,19,122,2,22.40,9.09,0,0,0.0814
1387,97,19,124,3,21.45,16.10,0,0,0.0722
1388,97,19,127,3,22.40,8.41,0,0,0.0384
1389,97,19,128,3,22.40,8.41,0,0,0.0384
1390,97,19,129,3,20.72,3.35,0,0,0.0654
1391,97,19,130,2,21.45,16.10,0,0,0.1404
1392,97,19,132,3,20.72,3.89,0,0,0.0665
1393,97,19,133,2,20.72,3.89,0,0,0.1272
1394,97,19,136,2,22.29,2.77,0,0,0.0698
1395,97,19,139,3,20.92,16.84,0,0,0.0912
1396,97,19,140,3,21.64,12.83,20,1,0.0604
1397,97,19,144,2,20.05,11.56,10,1,0.1972
1398,97,19,146,3,21.64,11.43,0,0,0.0578
1399,97,19,148,3,19.68,18.24,0,0,0.1526
1400,97,19,151,2,20.92,16.84,0,0,0.1714
1401,97,19,153,3,21.64,11.43,0,0,0.0578
1403,97,19,164,3,20.92,5.77,0,0,0.0650
1405,97,19,166,3,21.98,24.64,0,0,0.0759
1406,97,19,167,2,21.98,24.64,0,0,0.1493
1407,97,19,169,2,20.92,16.84,5,1,0.1714
1408,97,19,170,2,21.42,24.64,0,0,0.1800
1409,97,19,173,2,21.14,8.18,0,0,0.1244
1410,97,19,173,2,21.08,8.18,0,0,0.1271
1412,97,19,176,2,22.18,8.61,5,1,0.0869
1413,97,19,177,3,21.56,5.05,0,0,0.0489
1414,97,19,180,2,21.42,8.33,0,0,0.1133
1415,97,19,185,3,22.12,6.27,0,0,0.0403
1416,97,19,186,2,21.42,8.33,0,0,0.1133
1417,97,19,188,2,22.18,8.61,5,1,0.0869
1418,97,19,189,3,21.64,11.43,0,0,0.0578
1419,97,19,190,3,22.20,6.58,0,0,0.0394
1420,97,19,191,1,22.04,11.25,0,0,0.0488
1421,97,19,192,3,22.20,6.58,0,0,0.0394
1422,97,19,193,3,22.20,6.58,0,0,0.0394
1423,97,19,200,2,21.62,4.83,0,0,0.0950
1424,97,19,202,2,22.62,4.24,0,0,0.0646
1425,97,19,204,1,21.64,11.40,0,0,0.0578
1426,97,19,206,3,22.20,6.58,0,0,0.0394
1427,97,19,208,3,22.54,4.95,0,0,0.0324
1428,97,19,212,2,22.51,12.22,0,0,0.0860
1429,97,19,213,2,22.04,5.94,0,0,0.0843
1430,97,19,214,3,22.09,8.81,0,0,0.0442
1431,97,19,215,3,22.62,4.24,0,0,0.0306
1432,97,19,216,2,22.18,6.12,0,0,0.0806
1433,97,19,217,2,22.46,10.03,0,0,0.0819
1434,97,19,219,2,22.32,5.08,0,0,0.0741
1435,97,19,221,3,22.54,4.95,0,0,0.0324
1436,97,19,222,1,23.13,5.99,0,0,0.0261
1437,97,19,225,2,23.24,3.81,0,0,0.0505
1438,97,19,226,2,22.51,7.14,0,0,0.0736
1439,97,19,229,1,24.00,6.63,0,0,0.0185
1440,97,19,233,1,23.44,5.72,0,0,0.0227
1441,97,19,234,2,21.53,5.99,0,0,0.1016
1442,97,19,238,3,22.32,4.75,0,0,0.0353
1443,97,19,239,3,23.10,16.33,0,0,0.0369
1444,97,19,4083,2,22.04,2.29,0,0,0.0754
1445,97,27,6,2,21.31,12.29,0,0,0.2093
1446,97,27,8,3,20.47,13.06,0,0,0.1577
1447,97,27,9,3,19.88,5.69,0,0,0.1592
1448,97,27,10,1,20.47,13.06,0,0,0.1577
1449,97,27,15,2,20.89,35.13,20,1,0.4005
1450,97,27,16,3,19.60,12.75,0,0,0.2128
1451,97,27,17,3,20.41,22.15,0,0,0.2063
1452,97,27,18,2,20.47,13.06,0,0,0.2753
1453,97,27,20,2,21.03,11.68,0,0,0.2249
1454,97,27,22,3,18.93,13.06,0,0,0.2675
1455,97,27,23,3,19.54,14.12,0,0,0.2250
1456,97,27,26,3,21.31,12.29,0,0,0.1125
1457,97,27,27,3,20.89,16.54,20,1,0.1490
1460,97,27,30,2,21.31,12.55,0,0,0.2107
1461,97,27,31,2,21.64,12.17,0,0,0.1877
1464,97,27,36,3,20.89,8.86,0,0,0.1195
1465,97,27,37,3,20.89,8.86,0,0,0.1195
1466,97,27,39,2,21.84,12.65,0,0,0.1782
1467,97,27,40,3,20.92,4.60,0,0,0.1042
1468,97,27,41,3,20.92,4.60,0,0,0.1042
1469,97,27,42,3,20.92,5.23,0,0,0.1062
1470,97,27,45,3,20.92,5.23,0,0,0.1062
1471,97,27,46,3,20.92,4.60,0,0,0.1042
1472,97,27,47,3,20.92,4.60,0,0,0.1042
1473,97,27,48,3,20.92,4.60,0,0,0.1042
1474,97,27,49,3,20.92,13.61,0,0,0.1356
1475,97,27,50,3,20.78,6.55,0,0,0.1165
1476,97,27,51,3,20.47,11.15,0,0,0.1495
1477,97,27,52,3,21.62,11.33,0,0,0.0969
1479,97,27,55,3,21.03,19.46,10,1,0.1537
1480,97,27,56,3,20.89,15.42,0,0,0.1444
1482,97,27,59,3,21.20,18.85,0,0,0.1419
1483,97,27,62,2,20.97,23.70,45,1,0.3069
1484,97,27,63,3,21.20,18.85,0,0,0.1419
1485,97,27,65,1,20.58,18.52,0,0,0.1763
1486,97,27,66,3,20.27,18.47,0,0,0.1964
1487,97,27,67,3,19.71,22.86,0,0,0.2650
1488,97,27,68,2,20.41,19.46,0,0,0.3248
1489,97,27,68,2,20.75,19.46,0,0,0.2958
1490,97,27,71,3,19.71,22.86,10,1,0.2650
1491,97,27,72,3,19.71,22.86,0,0,0.2650
1492,97,27,73,3,20.10,19.30,45,1,0.2129
1493,97,27,74,3,19.29,15.42,5,1,0.2525
1494,97,27,75,2,19.96,14.20,5,1,0.3259
1495,97,27,78,3,21.00,11.58,0,0,0.1241
1496,97,27,79,3,21.84,12.65,0,0,0.0925
1497,97,27,80,3,21.00,16.74,0,0,0.1439
1498,97,27,82,3,20.72,19.81,0,0,0.1737
1499,97,27,83,3,20.72,19.81,5,1,0.1737
1500,97,27,84,2,20.72,19.81,0,0,0.3007
1501,97,27,87,2,20.92,14.71,0,0,0.2510
1517,98,19,1,2,22.85,7.29,0,0,0.0652
1518,98,19,2,3,23.16,10.67,0,0,0.0300
1519,98,19,3,3,23.02,10.64,0,0,0.0318
1520,98,19,4,3,23.04,9.25,0,0,0.0302
1521,98,19,5,3,22.54,9.68,0,0,0.0377
1525,98,19,13,3,22.37,6.93,0,0,0.0371
1526,98,19,14,2,21.90,7.75,0,0,0.0937
1527,98,19,16,2,22.37,6.93,20,1,0.0770
1528,98,19,17,2,22.34,8.84,0,0,0.0825
1529,98,19,21,3,22.74,9.75,0,0,0.0348
1530,98,19,24,1,22.88,9.17,0,0,0.0322
1531,98,19,24,1,22.15,9.17,0,0,0.0436
1532,98,19,28,2,22.85,7.29,0,0,0.0652
1533,98,19,30,2,22.85,7.29,0,0,0.0652
1534,98,19,31,2,22.85,7.29,0,0,0.0652
1536,98,19,33,3,22.62,6.91,0,0,0.0334
1537,98,19,34,3,22.65,6.38,0,0,0.0324
1538,98,19,35,3,22.62,6.91,0,0,0.0334
1540,98,19,45,2,22.29,3.43,0,0,0.0712
1541,98,19,46,2,22.29,3.43,0,0,0.0712
1542,98,19,48,2,22.29,6.93,0,0,0.0793
1543,98,19,48,2,22.15,6.93,0,0,0.0835
1544,98,19,53,3,22.85,7.29,0,0,0.0307
1546,98,19,65,2,22.62,5.38,0,0,0.0669
1547,98,19,69,2,22.62,5.38,0,0,0.0669
1549,98,19,72,2,23.02,6.43,0,0,0.0595
1550,98,19,75,3,22.57,0.84,0,0,0.0280
1551,98,19,76,1,22.57,0.84,0,0,0.0280
1552,98,19,81,3,22.57,1.37,0,0,0.0285
1553,98,19,83,3,22.54,3.00,0,0,0.0304
1554,98,19,85,3,22.23,2.87,0,0,0.0345
1555,98,19,87,3,22.85,1.96,0,0,0.0258
1556,98,19,88,3,21.22,3.84,0,0,0.0542
1557,98,19,89,3,21.22,3.84,0,0,0.0542
1558,98,19,90,3,21.42,4.65,0,0,0.0512
1560,98,19,95,2,22.82,17.04,0,0,0.0888
1561,98,19,96,2,22.82,17.04,0,0,0.0888
1562,98,19,100,2,23.55,10.13,0,0,0.0547
1563,98,19,104,3,23.55,10.13,0,0,0.0250
1564,98,19,106,2,23.55,8.48,0,0,0.0520
1566,98,19,113,2,23.55,14.20,0,0,0.0622
1567,98,19,114,2,23.58,19.15,0,0,0.0717
1568,98,19,115,1,24.44,24.18,0,0,0.0271
1569,98,19,123,2,23.13,8.76,0,0,0.0614
1570,98,19,124,2,23.13,7.72,0,0,0.0595
1571,98,19,126,3,24.50,15.72,0,0,0.0201
1572,98,19,127,1,22.82,17.04,0,0,0.0424
1573,98,19,132,3,24.28,16.54,0,0,0.0226
1574,98,19,133,3,23.55,14.20,0,0,0.0285
1576,98,19,136,3,23.10,3.02,0,0,0.0241
1577,98,19,140,1,23.24,3.10,0,0,0.0227
1578,98,19,141,3,23.24,3.10,0,0,0.0227
1579,98,19,142,3,23.24,3.12,0,0,0.0227
1580,98,19,143,2,23.72,9.07,5,1,0.0496
1581,98,19,145,1,23.72,9.07,0,0,0.0225
1583,98,19,152,2,22.68,4.29,0,0,0.0633
1584,98,19,153,2,22.68,8.31,0,0,0.0716
1586,98,19,163,3,23.16,10.67,0,0,0.0300
1587,98,19,164,2,22.62,4.78,30,1,0.0657
1590,98,19,176,2,22.65,3.15,0,0,0.0617
1591,98,19,177,1,23.66,5.23,0,0,0.0204
1592,98,19,178,2,23.66,5.23,0,0,0.0450
1593,98,19,179,3,23.66,5.23,0,0,0.0204
1595,98,19,181,2,25.17,5.82,0,0,0.0256
1596,98,19,182,2,25.17,8.13,0,0,0.0276
1597,98,19,186,2,24.50,8.23,0,0,0.0359
1598,98,19,187,2,24.81,4.42,0,0,0.0282
1599,98,19,189,2,24.44,16.03,0,0,0.0471
1600,98,19,190,2,24.44,16.03,0,0,0.0471
1601,98,19,191,1,23.97,8.00,0,0,0.0195
1602,98,19,192,3,22.29,9.80,0,0,0.0420
1603,98,19,193,1,24.44,16.03,0,0,0.0208
1604,98,19,194,3,22.29,9.80,0,0,0.0420
1605,98,19,195,1,23.97,8.00,0,0,0.0195
1606,98,19,197,2,25.06,9.32,0,0,0.0299
1607,98,19,198,2,24.56,11.58,0,0,0.0390
1608,98,19,199,2,24.56,11.58,0,0,0.0390
1609,98,19,202,2,24.30,9.96,0,0,0.0409
1610,98,19,203,2,23.60,15.90,0,0,0.0643
1611,98,19,204,2,23.60,15.90,0,0,0.0643
1612,98,19,207,2,23.80,26.21,0,0,0.0820
1613,98,19,208,2,23.80,34.26,0,0,0.1046
1616,98,19,218,1,23.94,14.27,0,0,0.0243
1617,98,19,219,2,24.33,5.18,0,0,0.0347
1618,98,19,220,3,21.42,4.65,0,0,0.0512
1619,98,19,223,2,25.17,2.95,0,0,0.0233
1620,98,19,224,2,25.17,2.95,0,0,0.0233
1622,98,19,234,2,23.60,15.95,0,0,0.0644
1623,98,19,235,2,25.14,6.20,0,0,0.0262
1624,98,19,238,3,23.46,9.04,0,0,0.0251
1625,98,19,239,1,24.92,11.99,0,0,0.0148
1626,98,19,240,2,24.92,11.99,0,0,0.0344
1627,98,19,298,2,23.80,34.26,0,0,0.1046
1628,98,19,301,2,23.88,8.61,0,0,0.0460
1629,98,19,326,1,23.60,9.55,0,0,0.0240
1631,98,19,336,3,23.55,10.13,0,0,0.0250
1633,98,19,404,3,23.72,9.07,0,0,0.0225
1634,98,19,454,1,25.17,2.95,0,0,0.0099
1635,98,19,462,2,22.15,5.51,0,0,0.0800
1636,98,27,2,2,20.38,7.70,0,0,0.2479
1637,98,27,6,2,21.48,9.04,0,0,0.1817
1638,98,27,7,2,21.39,5.38,0,0,0.1693
1639,98,27,9,2,21.20,10.80,0,0,0.2084
1640,98,27,10,2,21.95,5.89,0,0,0.1422
1641,98,27,14,3,22.34,7.19,0,0,0.0641
1642,98,27,15,3,21.36,6.35,0,0,0.0924
1643,98,27,16,3,21.95,10.64,0,0,0.0833
1644,98,27,17,3,21.36,6.35,0,0,0.0924
1645,98,27,18,3,21.95,10.64,0,0,0.0833
1646,98,27,20,3,21.36,6.35,0,0,0.0924
1647,98,27,21,3,22.46,5.44,0,0,0.0578
1648,98,27,22,3,22.34,5.72,0,0,0.0612
1649,98,27,23,3,22.79,9.93,0,0,0.0581
1650,98,27,24,3,22.46,5.72,0,0,0.0583
1651,98,27,25,3,23.16,5.49,0,0,0.0434
1652,98,27,26,2,22.15,17.40,0,0,0.1832
1653,98,27,27,3,22.15,17.40,0,0,0.0945
1654,98,27,28,2,21.84,8.20,0,0,0.1576
1655,98,27,29,2,21.84,8.20,0,0,0.1576
1656,98,27,30,3,21.95,10.64,0,0,0.0833
1657,98,27,31,3,22.46,13.08,0,0,0.0732
1658,98,27,32,3,21.95,10.64,0,0,0.0833
1659,98,27,33,2,22.40,8.15,0,0,0.1299
1660,98,27,35,2,22.40,8.15,0,0,0.1299
1661,98,27,36,3,23.21,7.37,0,0,0.0451
1662,98,27,39,3,22.06,5.61,0,0,0.0683
1663,98,27,40,2,22.06,5.61,0,0,0.1358
1664,98,27,41,3,22.06,5.61,0,0,0.0683
1666,98,27,44,2,23.21,8.26,0,0,0.0978
1667,98,27,45,3,22.04,10.77,0,0,0.0807
1668,98,27,46,3,22.04,10.77,0,0,0.0807
1671,98,27,50,3,21.73,8.86,0,0,0.0862
1672,98,27,51,2,21.76,10.21,0,0,0.1711
1673,98,27,52,2,21.76,10.21,0,0,0.1711
1674,98,27,53,2,22.04,7.44,0,0,0.1441
1676,98,27,56,3,22.62,8.00,0,0,0.0586
1677,98,27,57,3,22.12,6.35,25,1,0.0682
1678,98,27,58,3,22.62,8.00,0,0,0.0586
1679,98,27,59,3,22.62,8.00,0,0,0.0586
1680,98,27,60,2,22.62,8.00,0,0,0.1198
1681,98,27,61,3,22.09,9.17,0,0,0.0753
1682,98,27,62,3,20.83,9.02,0,0,0.1228
1683,98,27,64,3,21.48,11.99,0,0,0.1044
1684,98,27,66,2,22.46,8.33,52.381,1,0.1279
1685,98,27,67,3,22.79,9.27,15,1,0.0569
1686,98,27,69,3,22.79,9.27,0,0,0.0569
1687,98,27,70,3,22.79,12.37,0,0,0.0627
1688,98,27,71,3,22.79,12.37,20,1,0.0627
1689,98,27,72,2,21.64,4.95,0,0,0.1539
1690,98,27,73,3,21.64,4.95,0,0,0.0793
1691,98,27,74,2,21.64,4.95,0,0,0.1539
1692,98,27,75,3,21.48,11.99,15,1,0.1044
1693,98,27,76,2,21.48,11.99,0,0,0.1967
1694,98,27,81,3,22.20,10.52,0,0,0.0751
1695,98,27,83,3,22.79,9.93,0,0,0.0581
1696,98,27,84,3,22.40,11.05,0,0,0.0705
1697,98,27,85,3,22.40,11.05,0,0,0.0705
1698,98,27,86,3,22.40,11.05,0,0,0.0705
1699,98,27,87,3,22.40,11.05,0,0,0.0705
1700,98,27,88,2,22.12,6.35,0,0,0.1359
1701,98,27,90,2,22.40,5.94,0,0,0.1218
1702,98,27,91,3,21.78,11.61,0,0,0.0918
1703,98,27,93,2,22.04,15.95,0,0,0.1825
1704,98,27,94,3,22.88,6.86,0,0,0.0508
1705,98,27,95,3,22.88,6.86,0,0,0.0508
1706,98,27,97,2,21.95,5.89,0,0,0.1422
1707,98,27,99,2,22.12,6.35,0,0,0.1359
1708,98,27,100,3,22.88,11.63,0,0,0.0590
1709,98,27,101,3,22.88,11.63,0,0,0.0590
1710,98,27,102,3,22.88,11.63,5,1,0.0590
1711,98,27,104,2,22.62,8.00,0,0,0.1198
1712,98,27,107,2,21.64,10.36,0,0,0.1787
1713,98,27,108,3,22.12,7.32,0,0,0.0703
1714,98,27,109,1,21.81,2.95,0,0,0.0696
1715,98,27,112,2,20.94,4.78,0,0,0.1930
1716,98,27,113,2,21.39,10.13,15,1,0.1927
1717,98,27,115,2,21.39,9.78,10,1,0.1909
1718,98,27,116,2,20.94,4.78,0,0,0.1930
1719,98,27,118,2,20.94,4.78,0,0,0.1930
1720,98,27,119,1,20.92,8.38,0,0,0.1165
1721,98,27,120,3,22.54,4.04,0,0,0.0535
1722,98,27,124,2,20.94,4.78,0,0,0.1930
1723,98,27,183,1,22.79,12.37,0,0,0.0627
1724,98,27,193,2,22.06,5.61,0,0,0.1358